GuideNumber,SequenceComplementGuide,HumanDNA_range,GuideActivity,CFD_Score,ActivityScore,Guide
1,CCACTTCCACTACTGTACTG,CCACTTCCACTACTGTAAAACAA,0.5144560605064922,0.038961038999999996,0.0200437426371798,CAGTACAGTAGTGGAAGTGG
1,CCACTTCCACTACTGTACTG,ATGCAACAAAGATGACCACTTCC,0.5144560605064922,6.0201770713080565e-06,3.0971165796566543e-06,CAGTACAGTAGTGGAAGTGG
1,CCACTTCCACTACTGTACTG,TACTCAATCTAAACTCAATTCCA,0.5144560605064922,9.776033057658696e-07,5.02933945422433e-07,CAGTACAGTAGTGGAAGTGG
1,CCACTTCCACTACTGTACTG,GGACTTCCACTACTGTAGGGAAT,0.5144560605064922,0.01926644784087341,0.009911740856169547,CAGTACAGTAGTGGAAGTGG
1,CCACTTCCACTACTGTACTG,TTCCAAAAACTTCTACCACTTCC,0.5144560605064922,9.021034663385024e-05,4.640925954617569e-05,CAGTACAGTAGTGGAAGTGG
1,CCACTTCCACTACTGTACTG,GGCAGAACATTAGAAAGCTTCCA,0.5144560605064922,0.0,0.0,CAGTACAGTAGTGGAAGTGG
1,CCACTTCCACTACTGTACTG,GGCACCTGCCTCCCCCACTTCCA,0.5144560605064922,1.0176755144696445e-05,5.23549336047971e-06,CAGTACAGTAGTGGAAGTGG
1,CCACTTCCACTACTGTACTG,TTTGGAAGGGACATTAGGTTCCA,0.5144560605064922,0.0,0.0,CAGTACAGTAGTGGAAGTGG
1,CCACTTCCACTACTGTACTG,AAGATATTAGAAGTCCACTTCCA,0.5144560605064922,2.719294907875683e-06,1.3989577456610885e-06,CAGTACAGTAGTGGAAGTGG
1,CCACTTCCACTACTGTACTG,CTTTTATCTCTTATACACTTCCA,0.5144560605064922,0.00023707503639422333,0.00012196468926780539,CAGTACAGTAGTGGAAGTGG
1,CCACTTCCACTACTGTACTG,CACCGAGCTGGCTAAGACTTCCA,0.5144560605064922,0.0,0.0,CAGTACAGTAGTGGAAGTGG
1,CCACTTCCACTACTGTACTG,TTGAATAGACTAGACCACTTCCA,0.5144560605064922,2.562797541495814e-06,1.3184467270736598e-06,CAGTACAGTAGTGGAAGTGG
1,CCACTTCCACTACTGTACTG,GCAAGTTTTCTCCCCCACTTCCA,0.5144560605064922,1.5159124872524369e-05,7.798703662644868e-06,CAGTACAGTAGTGGAAGTGG
1,CCACTTCCACTACTGTACTG,TTACCATAGCACGTGACCTTCCA,0.5144560605064922,0.0,0.0,CAGTACAGTAGTGGAAGTGG
1,CCACTTCCACTACTGTACTG,GGTTGCAGTGAGCCAATATTCCA,0.5144560605064922,0.0,0.0,CAGTACAGTAGTGGAAGTGG
1,CCACTTCCACTACTGTACTG,TTTCCTCCACTACTGTACTGCTC,0.5144560605064922,0.01301110762680839,0.006693643172513819,CAGTACAGTAGTGGAAGTGG
1,CCACTTCCACTACTGTACTG,GGACTTCCACTACTGTATTAAAT,0.5144560605064922,0.01926644784087341,0.009911740856169547,CAGTACAGTAGTGGAAGTGG
1,CCACTTCCACTACTGTACTG,CCACTTCCACTACTGGGGATTAC,0.5144560605064922,0.0,0.0,CAGTACAGTAGTGGAAGTGG
1,CCACTTCCACTACTGTACTG,ACACTTCCAGTACTGTACTGAAT,0.5144560605064922,0.013358070512059369,0.006872140331602003,CAGTACAGTAGTGGAAGTGG
1,CCACTTCCACTACTGTACTG,CCACTTCCACTACTGCCCGCTAC,0.5144560605064922,0.00559440560959041,0.002878075870785303,CAGTACAGTAGTGGAAGTGG
1,CCACTTCCACTACTGTACTG,GGACTTCCACTACTGTATTGAAA,0.5144560605064922,0.01926644784087341,0.009911740856169547,CAGTACAGTAGTGGAAGTGG
1,CCACTTCCACTACTGTACTG,GCACTTCCACTACTGTTTCCATT,0.5144560605064922,0.014842300556215212,0.007635711473003796,CAGTACAGTAGTGGAAGTGG
1,CCACTTCCACTACTGTACTG,TTTCATCCACTACTGTACTGTAT,0.5144560605064922,0.007434918655573952,0.0038249389617328006,CAGTACAGTAGTGGAAGTGG
1,CCACTTCCACTACTGTACTG,CCACTTCCACTACTGCTACTAAC,0.5144560605064922,0.006393606402397602,0.0032892295622065563,CAGTACAGTAGTGGAAGTGG
1,CCACTTCCACTACTGTACTG,CCACTTCCACTACTGCTCCTAAG,0.5144560605064922,0.006393606402397602,0.0032892295622065563,CAGTACAGTAGTGGAAGTGG
1,CCACTTCCACTACTGTACTG,ATAGCTCCACTACTGTACTGTCT,0.5144560605064922,0.009643526838496435,0.004961170826721503,CAGTACAGTAGTGGAAGTGG
1,CCACTTCCACTACTGTACTG,GCACTTCCACTACTGTGGTGGTA,0.5144560605064922,0.02597402598033395,0.013362495081335883,CAGTACAGTAGTGGAAGTGG
2,CCACTTCCACTACTATACTG,GAGCTTCCACTACTATACTGCTT,0.5150473809939501,0.016399416925424064,0.008446476737267521,CAGTATAGTAGTGGAAGTGG
2,CCACTTCCACTACTATACTG,TGTTGCCCTAGCCAGAACTTCCA,0.5150473809939501,0.0,0.0,CAGTATAGTAGTGGAAGTGG
2,CCACTTCCACTACTATACTG,CTAAACACTTCTTACCACTTCCA,0.5150473809939501,6.110938757476754e-06,3.147423002452826e-06,CAGTATAGTAGTGGAAGTGG
2,CCACTTCCACTACTATACTG,ATGAGCCATTTCACACCACTTCC,0.5150473809939501,7.093777707181897e-06,3.6536316294373044e-06,CAGTATAGTAGTGGAAGTGG
2,CCACTTCCACTACTATACTG,AACTGCTCTGGCATGGACTTCCA,0.5150473809939501,0.0,0.0,CAGTATAGTAGTGGAAGTGG
2,CCACTTCCACTACTATACTG,ACACTTCCACTTCTATACTGAGT,0.5150473809939501,0.026716141024118737,0.013760078464737382,CAGTATAGTAGTGGAAGTGG
2,CCACTTCCACTACTATACTG,GTCTTGTTTCAAATCTCACTTCC,0.5150473809939501,3.824420344006866e-05,1.969757682000718e-05,CAGTATAGTAGTGGAAGTGG
2,CCACTTCCACTACTATACTG,GATTGCCCTGGCCTGAACTTCCA,0.5150473809939501,0.0,0.0,CAGTATAGTAGTGGAAGTGG
2,CCACTTCCACTACTATACTG,ATTTTTCCACTACTATACTGTCC,0.5150473809939501,0.01322978172175141,0.006813964426909696,CAGTATAGTAGTGGAAGTGG
2,CCACTTCCACTACTATACTG,GCACTTCCAATACTATACTGAAT,0.5150473809939501,0.009276437844155844,0.004777805016585633,CAGTATAGTAGTGGAAGTGG
2,CCACTTCCACTACTATACTG,CCACTTCCACTACTATTTAATAC,0.5150473809939501,0.020779220787012984,0.010702283245446084,CAGTATAGTAGTGGAAGTGG
2,CCACTTCCACTACTATACTG,ACACTTCCACTACTATAAAAGTA,0.5150473809939501,0.033395176280148424,0.01720009808092173,CAGTATAGTAGTGGAAGTGG
2,CCACTTCCACTACTATACTG,AAGTGCTTTGGCTAGGACTTCCA,0.5150473809939501,0.0,0.0,CAGTATAGTAGTGGAAGTGG
2,CCACTTCCACTACTATACTG,GCACTTCCACTACTATGACAACC,0.5150473809939501,0.02597402598033395,0.013377854055039818,CAGTATAGTAGTGGAAGTGG
2,CCACTTCCACTACTATACTG,GAACTTCCACTACTATATTGAAT,0.5150473809939501,0.02186588923389875,0.011261968983023361,CAGTATAGTAGTGGAAGTGG
2,CCACTTCCACTACTATACTG,CCCTTTCCACTACTATACTACCA,0.5150473809939501,0.02184873954194041,0.011253136079095366,CAGTATAGTAGTGGAAGTGG
2,CCACTTCCACTACTATACTG,GATTGCTCTTGTTAGCACTTCCA,0.5150473809939501,3.596225503274262e-05,1.8522265269250586e-05,CAGTATAGTAGTGGAAGTGG
2,CCACTTCCACTACTATACTG,AGCTTCTCTACTTACAACTTCCA,0.5150473809939501,0.0,0.0,CAGTATAGTAGTGGAAGTGG
2,CCACTTCCACTACTATACTG,AGGGATTTCTATCTATTCGTCCA,0.5150473809939501,0.00013773206221988924,7.093853792524973e-05,CAGTATAGTAGTGGAAGTGG
2,CCACTTCCACTACTATACTG,AAGATAGTTTCTATTTCCCTCCA,0.5150473809939501,2.3649914515994152e-05,1.218082653219359e-05,CAGTATAGTAGTGGAAGTGG
2,CCACTTCCACTACTATACTG,GATCATTCTGATTCAGACTTCCA,0.5150473809939501,0.0,0.0,CAGTATAGTAGTGGAAGTGG
2,CCACTTCCACTACTATACTG,ATATGCAGCTTTAGTAAATTCCA,0.5150473809939501,0.0,0.0,CAGTATAGTAGTGGAAGTGG
2,CCACTTCCACTACTATACTG,ATTTGCATGATATATATTTTCCA,0.5150473809939501,0.0,0.0,CAGTATAGTAGTGGAAGTGG
2,CCACTTCCACTACTATACTG,GTTCCAATAAACAGAAACTTCCA,0.5150473809939501,0.0,0.0,CAGTATAGTAGTGGAAGTGG
2,CCACTTCCACTACTATACTG,AATTTCTCTGGCTAGAACTTCCA,0.5150473809939501,0.0,0.0,CAGTATAGTAGTGGAAGTGG
2,CCACTTCCACTACTATACTG,GGACTTCCACTACTATATTGAAT,0.5150473809939501,0.01926644784087341,0.009923133501498396,CAGTATAGTAGTGGAAGTGG
2,CCACTTCCACTACTATACTG,CACGGAACTGGCTAGGACTTCCA,0.5150473809939501,0.0,0.0,CAGTATAGTAGTGGAAGTGG
2,CCACTTCCACTACTATACTG,GCACTTACCAAAGTCCACTTCCA,0.5150473809939501,3.081553114888454e-05,1.587145861217047e-05,CAGTATAGTAGTGGAAGTGG
2,CCACTTCCACTACTATACTG,AACTTGACTACTCACCACTTCCA,0.5150473809939501,1.1924346489704605e-05,6.1416034295867595e-06,CAGTATAGTAGTGGAAGTGG
2,CCACTTCCACTACTATACTG,AATGTTCCACTACTATACTAAGT,0.5150473809939501,0.009922336294871567,0.005110473322014815,CAGTATAGTAGTGGAAGTGG
2,CCACTTCCACTACTATACTG,CTGACCAATTCTCACCACTTCCA,0.5150473809939501,4.354043863375242e-06,2.2425388885641986e-06,CAGTATAGTAGTGGAAGTGG
2,CCACTTCCACTACTATACTG,ATGTAACTTTCTTACCACTTCCA,0.5150473809939501,1.266316980878668e-05,6.522132445097239e-06,CAGTATAGTAGTGGAAGTGG
2,CCACTTCCACTACTATACTG,GGACTTCCACTACTATATTGAAG,0.5150473809939501,0.01926644784087341,0.009923133501498396,CAGTATAGTAGTGGAAGTGG
2,CCACTTCCACTACTATACTG,CCCTTTCCACTACTATACTACCA,0.5150473809939501,0.02184873954194041,0.011253136079095366,CAGTATAGTAGTGGAAGTGG
2,CCACTTCCACTACTATACTG,GAACTTCCACTACTATATTGAAT,0.5150473809939501,0.02186588923389875,0.011261968983023361,CAGTATAGTAGTGGAAGTGG
2,CCACTTCCACTACTATACTG,GAACTTCCACTACTATATTGAGT,0.5150473809939501,0.02186588923389875,0.011261968983023361,CAGTATAGTAGTGGAAGTGG
2,CCACTTCCACTACTATACTG,GAACTTCCACTACTATATTAAGT,0.5150473809939501,0.02186588923389875,0.011261968983023361,CAGTATAGTAGTGGAAGTGG
2,CCACTTCCACTACTATACTG,TTACTTCCACTACTATATTGAAA,0.5150473809939501,0.028624436806785048,0.014742941209761468,CAGTATAGTAGTGGAAGTGG
2,CCACTTCCACTACTATACTG,GAACTTCCACTACTATATTGAAT,0.5150473809939501,0.02186588923389875,0.011261968983023361,CAGTATAGTAGTGGAAGTGG
2,CCACTTCCACTACTATACTG,GAACTTCCACTACTATAGAAAAA,0.5150473809939501,0.02186588923389875,0.011261968983023361,CAGTATAGTAGTGGAAGTGG
3,ACTTCCACTACTGTACTGAC,CACTCTGAGATCTTTGTCACACT,0.519849999917,0.0,0.0,GTCAGTACAGTAGTGGAAGT
3,ACTTCCACTACTGTACTGAC,ACTTCCACTACTGTATTAAATAA,0.519849999917,0.0,0.0,GTCAGTACAGTAGTGGAAGT
3,ACTTCCACTACTGTACTGAC,CACACCACTACTGTACTGAGCCA,0.519849999917,0.0,0.0,GTCAGTACAGTAGTGGAAGT
3,ACTTCCACTACTGTACTGAC,CAGAACATTAGAAAGCTTCCACT,0.519849999917,0.0,0.0,GTCAGTACAGTAGTGGAAGT
3,ACTTCCACTACTGTACTGAC,TGGAAGGGACATTAGGTTCCACT,0.519849999917,0.0,0.0,GTCAGTACAGTAGTGGAAGT
3,ACTTCCACTACTGTACTGAC,ACTTCCAATACTGTACTGAATAG,0.519849999917,0.0,0.0,GTCAGTACAGTAGTGGAAGT
3,ACTTCCACTACTGTACTGAC,ACTTCCAGTACTGTACTGAATAG,0.519849999917,0.0,0.0,GTCAGTACAGTAGTGGAAGT
3,ACTTCCACTACTGTACTGAC,ACTTCCACTACTGTATTGAAAAG,0.519849999917,0.0,0.0,GTCAGTACAGTAGTGGAAGT
3,ACTTCCACTACTGTACTGAC,GCAGTCACTACTGTACTGACACA,0.519849999917,0.0,0.0,GTCAGTACAGTAGTGGAAGT
3,ACTTCCACTACTGTACTGAC,CTAGGCTACAAACTGTGCCCACT,0.519849999917,0.0,0.0,GTCAGTACAGTAGTGGAAGT
3,ACTTCCACTACTGTACTGAC,TCATCCACTACTGTACTGTATTC,0.519849999917,0.0,0.0,GTCAGTACAGTAGTGGAAGT
3,ACTTCCACTACTGTACTGAC,CCGAGCTGGCTAAGACTTCCACT,0.519849999917,0.0,0.0,GTCAGTACAGTAGTGGAAGT
3,ACTTCCACTACTGTACTGAC,TCCACCACTACTGTACTGATCAC,0.519849999917,0.0,0.0,GTCAGTACAGTAGTGGAAGT
3,ACTTCCACTACTGTACTGAC,AGCTCCACTACTGTACTGTCTCC,0.519849999917,0.0,0.0,GTCAGTACAGTAGTGGAAGT
3,ACTTCCACTACTGTACTGAC,ACAGCCACTACTGTACTGATTAG,0.519849999917,0.0,0.0,GTCAGTACAGTAGTGGAAGT
3,ACTTCCACTACTGTACTGAC,TTGATTACCCTGGCCACAACTTC,0.519849999917,0.0,0.0,GTCAGTACAGTAGTGGAAGT
3,ACTTCCACTACTGTACTGAC,CTCAATCTAAACTCAATTCCACT,0.519849999917,0.0,0.0,GTCAGTACAGTAGTGGAAGT
3,ACTTCCACTACTGTACTGAC,TCTCTTACTCTGGCTAGGACTTC,0.519849999917,0.0,0.0,GTCAGTACAGTAGTGGAAGT
3,ACTTCCACTACTGTACTGAC,ACTTCCACTACTGCACTGAACAA,0.519849999917,0.0,0.0,GTCAGTACAGTAGTGGAAGT
3,ACTTCCACTACTGTACTGAC,ACTTCCACTACTGTAAAACAAAA,0.519849999917,0.0,0.0,GTCAGTACAGTAGTGGAAGT
3,ACTTCCACTACTGTACTGAC,ACTTCCAATACTGTACTGAATAG,0.519849999917,0.0,0.0,GTCAGTACAGTAGTGGAAGT
3,ACTTCCACTACTGTACTGAC,ACTTCCACTACTGTAGGGAATAG,0.519849999917,0.0,0.0,GTCAGTACAGTAGTGGAAGT
3,ACTTCCACTACTGTACTGAC,CTGATTGCTCTGGCTAGGACTTC,0.519849999917,0.0,0.0,GTCAGTACAGTAGTGGAAGT
3,ACTTCCACTACTGTACTGAC,TCCTCCACTACTGTACTGCTCCT,0.519849999917,0.0,0.0,GTCAGTACAGTAGTGGAAGT
3,ACTTCCACTACTGTACTGAC,ACCATAGCACGTGACCTTCCACT,0.519849999917,0.0,0.0,GTCAGTACAGTAGTGGAAGT
3,ACTTCCACTACTGTACTGAC,TTGCAGTGAGCCAATATTCCACT,0.519849999917,0.0,0.0,GTCAGTACAGTAGTGGAAGT
